id;tipo_endereco;tipo;nome;numero;complemento;cep;bairro;cidade;estado;pais
1;customized Small Practical;Officer Personal Loan Account online;Applications Canyon;33045;circuit interfaces Beauty;Plastic Forward Wooden;black;Estate mobile;RO;SQL Cotton dot-com
2;quantify ivory Checking Account;next-generation;Personal Loan Account motivating;5050;Handcrafted cross-platform;Investment Account;Handmade Investor Corporate;sticky calculate Rubber;RJ;Brunei Dollar
3;Michigan;bypass;transmit;66956;purple multi-byte Guyana Dollar;red;SQL withdrawal;GB copy product;BA;Intelligent Fresh Pants
4;Table indexing;Practical Steel Chips;Lempira Credit Card Account synthesizing;96650;Facilitator Trace Buckinghamshire;Pa'anga;Gibraltar Pound logistical transform;Applications back up;RO;disintermediate
5;Mall;Director Rustic Frozen Sausages;connecting Rand Loti Gardens;77256;Rustic Kids black;Netherlands Antilles Chair;Shirt;AGP auxiliary;AM;Ohio
6;Garden deposit;program;Fords Intelligent Fresh;21455;Technician Maryland navigate;Refined Rubber Mouse Cambridgeshire JSON;deposit transmitting;calculating Fresh;CE;overriding Technician
7;generate SSL expedite;hacking;deposit;5860;Metal synergize;Kuwait;Representative Mobility Ergonomic;quantify Central Fish;MG;solid state Mouse Internal
8;Missouri deliverables neural;Agent proactive;Frozen Ameliorated;51486;digital;Borders Burundi Franc;bypassing methodical Computer;Ergonomic;AM;Incredible Fully-configurable
9;bypassing software;array;Dale Polarised Pants;29940;Communications;Buckinghamshire 24/7 Zimbabwe Dollar;transmit Central;web-enabled CSS;MS;withdrawal system HTTP
10;e-commerce Washington Engineer;Money Market Account Ergonomic Cotton Gloves;Reduced;40292;Lakes silver;Pants Towels;copy;Personal Loan Account New Mexico;CE;relationships Rubber
